<?xml version="1.0" encoding="UTF-8"?>
<!DOCTYPE hibernate-configuration PUBLIC  
    "-//Hibernate/Hibernate Configuration DTD 3.0//EN"  
    "http://hibernate.sourceforge.net/hibernate-configuration-3.0.dtd">

<hibernate-configuration>
    <session-factory>

        <!-- Database Connection Settings -->
        <property name="hibernate.connection.driver_class">com.mysql.cj.jdbc.Driver</property>
        <property name="hibernate.connection.url">jdbc:mysql://localhost:3306/demo</property>
        <property name="hibernate.connection.username">root</property>
        <property name="hibernate.connection.password">root</property>

        <!-- Hibernate Dialect -->
        <property name="hibernate.dialect">org.hibernate.dialect.MySQL8Dialect</property>

        <!-- Hibernate Schema Auto-Update Strategy -->
        <property name="hibernate.hbm2ddl.auto">update</property>

        <!-- Show SQL in Console -->
        <property name="hibernate.show_sql">true</property>
        <property name="hibernate.format_sql">true</property>
          <!-- Register Entity -->
        <mapping class="demohibernate.Student"/>  

    </session-factory>
</hibernate-configuration>
