<persistence xmlns="http://xmlns.jcp.org/xml/ns/persistence"
             xmlns:xsi="http://www.w3.org/2001/XMLSchema-instance"
             xsi:schemaLocation="http://xmlns.jcp.org/xml/ns/persistence
             http://xmlns.jcp.org/xml/ns/persistence/persistence_2_1.xsd"
             version="2.1">

    <persistence-unit name="manoj" transaction-type="RESOURCE_LOCAL">

	<shared-cache-mode>ENABLE_SELECTIVE</shared-cache-mode>
	    
        <properties>
            <property name="javax.persistence.jdbc.driver" value="org.postgresql.Driver" /> <!-- DB Driver -->
            <property name="javax.persistence.jdbc.url" value="jdbc:postgresql://localhost:5432/****" /> <!-- DB Name -->
            <property name="javax.persistence.jdbc.user" value="****" /> <!-- DB User -->
            <property name="javax.persistence.jdbc.password" value="***" /> <!-- DB Password -->

	    <property name="hibernate.dialect" value="org.hibernate.dialect.PostgreSQLDialect"/> <!-- DB Dialect -->
            <property name="hibernate.hbm2ddl.auto" value="update" /> <!-- create / create-drop / update -->
            
            <property name="hibernate.show_sql" value="true" /> <!-- Show SQL in console -->
            <property name="hibernate.format_sql" value="true" /> <!-- Show SQL formatted -->

	  <property name="hibernate.cache.use_second_level_cache" value="true"/>
          <property name="hibernate.cache.region.factory_class" value="org.hibernate.cache.ehcache.EhCacheRegionFactory"/>
        </properties>

    </persistence-unit>

</persistence>
